{
  "config": {
    "steps": 4000,
    "batch": 16,
    "lr": 0.0003,
    "eval_n": 150,
    "horizon": 4,
    "out": "experiments/results/m2_forecast",
    "dt": 0.05,
    "k_frames": 3
  },
  "iou": {
    "0.1": {
      "k3": 0.3508941678206126,
      "k1": 0.24944218019644418,
      "persist": 0.7231540421644846
    },
    "0.25": {
      "k3": 0.30892091393470766,
      "k1": 0.24574624677499135,
      "persist": 0.42456978936990103
    },
    "0.5": {
      "k3": 0.25092140689492226,
      "k1": 0.21891841878493626,
      "persist": 0.20856729592817524
    },
    "1.0": {
      "k3": 0.14837489326794942,
      "k1": 0.0941724213398993,
      "persist": 0.05853359508017699
    },
    "2.0": {
      "k3": 0.06305953770255049,
      "k1": 0.02568577602331061,
      "persist": 0.013730448528658599
    }
  }
}